Setting,baseline Makespan,extended Makespan,simple Makespan,baseline Time,extended Time,simple Time
"{""A"": 5, ""B"": 5}",17.877110936273223,7.6918244848419315,15.106089264753017,0.013280643000143755,6.138199289000113,6.231477560999792
"{""A"": 5, ""B"": 5}",15.075880158613835,12.99540058859136,26.106787120067146,0.013635666000027413,8.279004726999574,49.803220467999836
"{""A"": 5, ""B"": 5}",23.507360887722715,15.449264307305887,17.87884860610598,0.013628444000005402,12.026432638000188,93.73429653199992
"{""A"": 5, ""B"": 6, ""C"": 20}",10.788974369165173,9.337427660036013,21.0344104187095,0.016115644999899814,7.16699605399981,22.31501411499994
"{""A"": 5, ""B"": 6, ""C"": 20}",21.629500775834025,15.28253796085732,22.12756436029425,0.017239696999695298,8.428305579000153,34.01974841900028
"{""A"": 5, ""B"": 6, ""C"": 20}",29.115574060972673,21.259464209786415,21.259464209786415,0.01931508899997425,3.541789996999796,34.729354519000026
