Setting,baseline makespan,extended makespan,simple makespan,baseline time,extended time,simple time
"{""A"": 5, ""B"": 5}",5.154438173424159,3.963307484039757,14.619299915942545,0.009553921001497656,0.4186826039949665,12.16868892799539
"{""A"": 5, ""B"": 6, ""C"": 20}",25.890251624933605,23.354290988941756,23.354290988941756,0.010619210996082984,18.289862635996542,4.185924681994948
